address,amount,id
0x74a1c60568791C7BfD641E13B6941504E99437B2,4,1
0xa2115cc38773CF21725a86BBcB899f0a92038a78,15,2
0x4c5013E1F1B76960305d72a6c21a3696a26199ee,2,3
0x4EC8D265614452fc4d4348b804fe070843dBB0b5,67,4
0xc0A335b2A30e6ed9e15256C5d14389c47966F8E6,80,5
0xFFF645532DCA3f26E3ef83E78bb90FeEB34D9673,8,6
0x3BF717147f8857f4b652d9Ad3F76DD5b8dB36A3d,68,7
0x445aF034aB066c3D51768830ab0a0478D4004A8E,54,8
0xcbeEc2FFEdDE8fB12cB3F4eb68caBdCd803705e8,59,9
0x7C8f58746bcD73C975B1E2648Ca18b3F11e29c5C,124,10
0x6B734691E68f490dD8811Bc9985141cBe6dF72BE,11,11
0xf7F29Ba1FAc913C739dB05e6562c4147Eb8bf614,50,12
0x389bb645F9F43AbE898007F2a74f7f64f94A5F9E,131,13
0xb6B68F6A6BE90f88B018a5E4266E6fC0aBCaC502,169,14
0xB07B2C082c943C2300F862Afc8d887B19D6Ad6d1,222,15
0xD13c8D8EB719c00bB6984C95Be7417e3814b95F0,41,16
0x6889111b462964610bCabe5Ae88158E9F7f2659C,55,17
0x1f77fbB33CdA3e3F18310D0AFDA798D04B92d96f,212,18
0xDC593DA4C0ecA99D9a84a0961D3897EFE016233A,206,19
0x055a4e54032920fB72D7e3d0565dD82A7778686B,326,20
0x024787588dd23D75c8eC1373dE09805a2CFF9F27,291,21
0x4FB22eC49393D151958ba4D0e523a4a3818A05a5,112,22
0xc83CC19e8c6cF0e102eC569dc568f3AA855006E9,300,23
0xD0EEc11330E815EDe5093dCC3fA1cB94ab9406F8,174,24
0x8e851B92eae93522591Ef3486Ae126E6b75B4961,314,25
0xa39585Ba8c53EfcC8d9bb9a24747351f6c44494f,7,26
0xE4aA82De990E076d06d15325aB9901E73C2d80ad,101,27
0xEc57887CC7059013ceFA36576CD212BBE48314C6,401,28
0x290A8d311157d4A269D9c4E0bC08F5f1aDa0A138,12,29
0xe125E3604d3744Ef6e8269ff96e1627824235893,311,30
0x53638a286615d37273502ADeC5593cc2F899CeB9,271,31
0x853757Fa5377F44C6768aFa4028278cAa470bC0D,219,32
0x16819ED899366eE3F799Ee11C5D247e112621eFB,194,33
0x96556736A536035a6f3B7F5Bd9D21A74a042bacA,511,34
0xF57CF401336fA31E19efd067f8402Ca5468C1d2D,537,35
0xb20CC94C3d9580C7387cc4036068C900752ad862,507,36
0x3824df69A2FFBaD645D7B019Ca31510A1Bd1d3C3,334,37
0x4e8c5a980CcFEB12b013F9bf914d7D2AeA4b8568,581,38
0xa8010e5EE677290053b29329F645e99Ae7028d2B,166,39
0x6d1aE218eA7C5B029E6e1094a3CaD480f1666245,36,40
0xAD8Fbb44f2b063A22964A42F3Ac5C7EE0d64DbaD,512,41
0xE2260E85473FabD3123b2f3d56a11e8194f43c5E,480,42
0xfcaE559b335A9Ddb753DCAc73e363474B228D7e3,63,43
0xfBcA2acf4831f0b5Fb45DC403260691C67C23E4D,170,44
0x5Ca25C856cD79B5e9829Be71485c4F81C2F98EBa,233,45
0xe038A1Fe20fb73C5CbAb13F0628898cbe75fBeE6,110,46
0x0cD874f11b1e6f41b793D58FCfa02c9B89721a94,543,47
0xc362B399Fe2c90AcB28D74C525B1A7160d165633,657,48
0x6e1c24C458F7ab90Aa474a6a61e5F457806dc8A9,303,49
0xfC5C56BFE4757129aaACB90E2c804043f62F0Fc3,462,50
0x6B6161e694Be1daf48dD5Abcb381116158FdD754,814,51
0x0dca7638ba2669534D41f6DB904A787B1984F822,302,52
0x3188737AE452c48E81baE6B31E01AFB599936a80,201,53
0xaE549A77Ff97C0403Dc561100550D25d55Bd05d4,107,54
0x3c3b4C6d17515EB7DdA74CeE78A9F9797034409B,497,55
0xa7572Af6966D06832CFd73eD58d7Fda8bC2F59Db,149,56
0xD6cE6a81fdac00Cb5834A29EFDf940E24243F057,704,57
0x8B57D383afbACa7d10812c26A5638978fCC93b73,324,58
0x997a9B9cA34a63c5f4F7B6Dc6f8f90a01EFf47aE,39,59
0x2c894f6cf0430f1952A5782Ac474038019797954,885,60
0x953e03e36e46ba3e00Cf47BF1645f3EB87eeF642,299,61
0x1e8CF5ab2B5B8A26F2305E554569ED5C2ea89407,78,62
0xc2bCdDD8fAC922a0faC41b60B9BB80A04E9Df08F,801,63
0xF716515fBbDF3C882D3A0fC64E6f7CC2e16DCe03,724,64
0x0ED3fbF5c42D9a92d9782bf2be06ed76C959Ba93,791,65
0x4aF36eD34E0Bd7Db46888ac9b99Bc6c1410068e5,599,66
0x10e2BCef690751f7DbE221A258Fb9C58bbb8Ab27,499,67
0xF91c2289961A0EaE837897034f9bD4D5F93b5FDD,507,68
0xA8b4ca9b0997cF512a0EE7e37f159Dd86d32F0a4,1002,69
0x52FFd6F4Ca63db97d2dACa98B59D7FB2d14bD010,290,70
0x5D2987b1f00854BB0032D5A29C54b3ea28b7808a,171,71
0xA04f89A2675e10C22bAA4Db54AADEbE3Ee332b93,501,72
0xd41aa3333310B3cDA12158226eC5b7a32672CF36,1002,73
0xDf5F0D1b3bacE8144D1604F63d59800F7315d9Ad,154,74
0x69302C1560e37fF8724c75094d8bfa5C0c4be847,1190,75
0x58E0938856fF1Aac4CcBbAf9Fd1A96AD38b394E1,804,76
0x6B6dFd89FD251aAD41006c7326Eb9807FfDdB70C,181,77
0xb6d933A785282b5e7320E40206F617fAB523aC47,507,78
0x83d7969e28248E07af5c88d0415a7010139cBEBB,341,79
0xC760C00F274d0ae21a7A4B0d254428804C30Ce84,834,80
0x91484Ca3B8c8C4576B11Cfe7A22d9B681a0b26F7,290,81
0xC37eD5DA4A7720DE2C0cBF55B81A94A4abe81198,361,82
0x55a79703345b6b845fd6fb582278267744196DfD,971,83
0xCB4586649A0227632C53D876398cfDFA46Ed4963,1194,84
0xD5c0028315a25bC5F41E4b59477eAA7CacabdA3e,531,85
0x213d2546463c065a79E7286062bcb47556c19DA4,832,86
0x81B857562cE3067C042F162d2A4A7A9464F38444,1328,87
0xBE704dAB9e14Fbd7DDC618F142423f0998e97291,27,88
0xAEBbDb61c1b51f87B1f25210Df8552C4265Dc4b1,395,89
0x6bA4aF9C76a0b01FB3787b988345eEd62b811B69,903,90
0x2A2BF8113C15f826d3DFF61A06bBAfa571C50Dd1,1230,91
0x67Caa9875D00BD5A86eeD0bFf3D4e9dcBb83A727,859,92
0xfC2aD025D0DB7469bf33c56Bd9E9823226cFFff8,528,93
0x597958d3dA8DbbEA820Cd3458D4298aC8dDD4Ef6,36,94
0x973E79c90869180883Ea06c28DCe3a16d8dd24cB,994,95
0x13090d246C84648b3c678a6dcC58c68fD995dd3F,1343,96
0xFE17da2252603E12128da0BfAf206A13269D9EeB,150,97
0xd05c4aF12A68b6614d3F44dfb97C20c0b7D4069f,481,98
0x31fC61568c18A9155414C5616B43FaF24a571dc5,297,99
0xE4361D797EE91d7c524dEFCd26c15046a157b77D,1270,100
0x0690D4C11e9AF470Bca4fC91f59Fd874004B14d4,9,101
0x0F2315e2f4C9046690A91f1161C0C5F97A7Fd264,1291,102
0xCcA381620c33A1bc5A7e42E9B2Cc407847aE60FF,1701,103
0x00B9b9a00Bbef267AD6ca14D15D5F70CD9CFFA92,1272,104
0xC291cC164BaeB65EfB3051eD0cee51B26C63B069,10,105
0x79DcE93b0100B062D251C19B0f3cc910Fc228AEa,829,106
0x79C156c9321297B7c6D0659B7e56438B39f65Ab1,1636,107
0xA4Dc0f270bdEeAEfeB6eca2c83EDf72bE0897B45,1137,108
0xa873553Ff5003198CfbDAc29187e07f47E555Bde,391,109
0x2804e7a8A5A8D3FB81C43BF3bE3cDe90613671e6,1766,110
0xf13a67be784B526B4583212614501aDE67543b2a,1162,111
0xdC03b5abCcf1AddAfC5299698B22EfBA3B304fa4,1324,112
0xfEF15a17f43A079739C82D55620876AdD6Af8a9B,1302,113
0x0452204C142DEC96C2a312D804bc2EfD063bb95d,1905,114
0x3B66e1e3aa8457Ca67b71f76843f73e0C6aA2A75,1948,115
0x3F34035443F9A0af6A2D77ac49eA24556d7226fa,1380,116
0xCe9d0eBD5b4EF44dD4aE0390607B49d55aA4DDC1,1583,117
0x4F937b1b09C526860181c2FBB371b3Ac18Fe43BD,692,118
0x0B03b9C17adacAA7dD08e10f93B3ac5c77888e80,815,119
0xA73195e3B9c19C8C765AC5Ca826ACFF6716ac8ec,806,120
0x021B2E219B699C815C3BA1572b91bFF04F8Ab33E,1470,121
0x416c964841208fc8d2A200416C3ba377B2C30b8f,686,122
0xc421c7FF4A171aEe53636Fe482C747A62a7a85D5,2042,123
0xFdaB86d24AE4BAba4061bfbA28a01eaec31B5713,1835,124
0xAb03Ff67b436189eae1364d6be31b4302952f8fC,92,125
0xE0E2dcCA625D7F069A2889A69A88b6eD5FbBA4F7,2076,126
0xfB842F200f92BE56a9b3DAC51B772387Db256E54,1031,127
0x7d3a435a6a280Fe420FC1B96e773751880698e94,1331,128
0x8f04a912AB3505eeD543F5fCc6F58e5f57C26E1C,1945,129
0xA10682D0955C4148B92A33F3E7D717feDBf6E804,1115,130
0xd264C5C03B1A9F22C538FF9A8e16BC8d534845c2,937,131
0x6FC6C71eDDCFd008fd860A61Ea4Dea9cB3211214,873,132
0x79FE819db14155eB1b35FAB58ef103e3A5d9D519,1638,133
0x003Fa10dcfC51fbba9B16E307d2938B3713c041F,1874,134
0x4C78B9Fa484762Ca977b4dFa81D9dC4d7318222F,1971,135
0xA8b7f246be559d487226ad7Cb03aD77d292114A0,136,136
0x9B8129FaC3B10Fafce3D6288cb71462b91718AeE,1108,137
0x626eeecF7b7eAE1eA9ef26B49e86BDB9dC5ac6ab,1401,138
0x11CBf650f994D6AdD896a4838038AEb0cCc06491,406,139
0xDc7Ff2c8298109E932c25953Db7140287BB1B664,1952,140
0xe02c159568499ddeABd78b33d09B139831b90Ded,388,141
0xF261B23117d190D1cec8631A77DbA15716750a90,2101,142
0xD9F8a31C32481f1FC9E64B056727014cE3198FC8,340,143
0x87fE584F4E166AF2cAB65892b1c5f2460e262099,714,144
0x7dAFc1Df53Cf75A687CdA202CB63cEc749811011,1733,145
0xDc7F9B552Ce308BEe50f03981b012D1437223593,1515,146
0x840D2F30E0943F8AF2550b15c5ED6B61C545312B,445,147
0x9747F2ea3Dc1f8dc76502f1c5d90A718f13d6a97,2278,148
0xeff1d181c135aB93624E2395BC78a59BF874D155,1613,149
0xFAF4599991eDAAA037aA6b7C2f0139BbC3B270E9,1531,150
0x9d62972824CE7487Fb36Df07388067E549590f2c,1298,151
0x0108F915DD5c99DEA90B3926a03087F2BB11f5cA,421,152
0xFb28CEf94076d1327612f02D9322cB36D06705Bb,2385,153
0x6896e77C8a4DeAEf77B68E479d07bb2A2eD33b3A,1378,154
0xD6A68b3FB4FE4E97633495597e423D58386262E3,2631,155
0x622FEfC5a3d6DDf2DcfaDC32444E34Fa57e28a51,1287,156
0x90960bC31557D1c94AdA5d15f8973E43D45F7408,636,157
0x21bfB3EB97eb562014226Aa127741E972B2D5bB5,2537,158
0x076df8A129435e558937Da827b630C764121D296,2517,159
0xED29bFaa487585Bd6c554111059D4324f0243BB8,520,160
0x2C85d7b6aB913a04251E3f98d0F9728f5b9AA73B,168,161
0xaAc92167341b8845B2505c7C93390b88dE4dCF32,511,162
0xBCFc9341B21599d0BAc3AD0080357030e94A550B,1070,163
0xb6a05AF48822B54dF792B266A8dA3cfD46404c31,2133,164
0x03b002F0d1C69fBA8194c2aEF7a4B3A45aD6fBe7,1201,165
0x76918c4eED0C82bac1EF970DD111B7d1DdEe4DDb,1190,166
0xdbe8E0d36dF4a4d185a2620EF0aE31dEb3519D45,1168,167
0x1c4DfB0ac5dc09Be857e7a1E2b591A166059B08D,1196,168
0xC027E5d2E5BD1E4e931534aCeAaC19354d8adBCF,791,169
0xCD9b99091e07783A5cb59eA11174A6431E176C61,626,170
0x5f80B047F6F8fA72f14B9EDbd4c75760Cc15fF31,1188,171
0xdB9143887dF26f07c4Ea0DcBC5792EE9135c7D2d,910,172
0x8F8C73069569a7cbE75adeeEeBC9b65bD52174DE,733,173
0x9401189307979aCAEB3A7Eb8Fe059c7753EEC0D6,1199,174
0xB146134b78631C1e689cc07D4F091A2456c3aD99,1544,175
0x5D643b9c88744EcDE0f0551b5cC0BeCCD41a8dC0,417,176
0xcFe27Ce8EC4a080599139675Fe2D1cfd61957F68,2466,177
0xDF2152bC7BF89fB06A0cB2582C1af2678705Cd37,2167,178
0x41240eae09981FeFe6D4eeCA58C37fA20E3Da8B0,421,179
0xB64E3a8F0cB31E33c4Cd564e2daE62ac713955df,2083,180
0x4Ad588389A46fd07Df62b01CE0317C1fb32b5aCC,563,181
0xFa40faD5d2EAf0D1Bce17E1D9A4080B6DCF7a226,905,182
0x63A95691EcC0C7e78B3f65A92e09A078D7617b39,1983,183
0xf5B14C61A03f7EF5b3Af17A1b3724e6330b46bd5,761,184
0xE9cc39C40a99F87FFdAC841080159148CbF2dc99,2230,185
0x9e2f968cDDddd5C4Ebec9041Ae8272F7B3CBA3d5,2742,186
0xcDB8029a46E061785613dc8Ae08F6ffbEdA386DE,2115,187
0x101F926717f26C46997C739D7557853D766B9731,1819,188
0x741421De22946B84854130bF7CB7E1cE6Ce90fC9,1178,189
0xec55a45AACAd5A8AD5D413a2ab43e8cd57f246B0,3009,190
0x1b2eEf89Aba4b4cf481c97643F32388C4E840ac5,2647,191
0x82034E84Dd6124A3ca829C6f81E5B8Afa1425711,3212,192
0xD92681dA6740685D93a33EE06FB7EB5e4A93BdbD,1012,193
0xb6DC325e9000F6BBcd89812bFD952d15ECec9b2d,282,194
0x9dD8AB3aeE6C6A72397688609011A61730E97be3,2534,195
0x32eEb52141B80DcA8bb14bc8f44AC4a884e782d2,3329,196
0xEf58cc436e39162D1E6b8CC5FFe5eFF86EB8C6d1,2745,197
0x3eCD8990211c60215D9ff41de6bDbF9E680C05df,413,198
0x6012B4428d31E3Dba60b0f7238DA66ce30323558,2851,199
0x7b9191250312db11526c44aB4338EC4efE51FE1B,1393,200
0x3D616DDbc9520F63b9aA289b470ED6b8b634C67f,2872,201
0xE4494470F0f61484B7078f5d039c2DcDd1313302,677,202
0xb186fC61fA2D38A2dC09519a656971f70bc66975,1339,203
0xA51908420c608B13078D4A60Fbb710E7bCfCB6Ca,368,204
0x89d8A505da540daE97c106B7a84DC0990aA04D51,2055,205
0xbFEf1E39AE3cC58e1B796f6C3506ce88E1fB9D1A,2991,206
0x255a4a80Eaaec792C1664f4983FBfa2D242aB272,1940,207
0x635016A34844FF4481783d1c8C0f6A2A919F4316,2011,208
0xe7D532aE1DAeb60E2D172729dAE1ACf4825Af666,2255,209
0xFECF76BA1445356E30A2303AbDA0cB8AB6D6E0B8,2884,210
0x0cA7560e2Bc505D8372C4A62F1dAde041B224BEc,2711,211
0xe149E325E2800f7ceC26335c5Eae6a8D5D0462F7,843,212
0x9058548975cbCF8055b67E42101272B626E84c9d,1814,213
0xf20e0cedC40F36da6D642a892E82FC01eC263238,2288,214
0x51Befbceb52C92Df86A933071f8a5780B62a891e,3000,215
0x49B35702B35A253FF7Fa66cF504E2088d8Aa3218,2910,216
0x1573406897aE00c536a9738d1B58Bdd73a391f9e,3314,217
0xC3fAd9DEe2A5689C5C85514CA81Dee33A34D2002,3364,218
0xAe7f234B420d4CAe99db5f333d550981b7b64F8C,3639,219
0x284610f5095fb2948AC0152e7DA28F3b0c499Fc9,1293,220
0x4A48fCE07Df709c1749B32468C643c64672F4aA3,1540,221
0xc7De8b2799680854B8c8399957FF3AC37661d7f2,261,222
0xA23D36570dee573fD6165137A91465e7c90cfe07,567,223
0x2f0329558Ba2b910fEC2710A8F5ED51792EC030F,3334,224
0xEcD69e14e0C170A9ce2d8aE818D5223F89cf048F,405,225
0x67728065d1b12Ab6A4B5bf65a049E7F5bC5B1e07,3397,226
0x7dd6Cce01ED4B63A8CB807f6b16a26880EACc1FD,1455,227
0x70C70dF10B71Ee101E29c0a3F0094E5b5ea17A6E,2882,228
0x30991ABBbB42CEDEA2273fa8B930f6F8950e84F3,529,229
0xB630aA6B44D6341694c045cFdfE49959a5EAf912,232,230
0x2161d4Fd41c0914a901011c882500B223501850A,1652,231
0x3cA1De7Ea1CabAa074619C69E993a747383c5eb2,149,232
0x0A433667915B36751AcBE48A39A321af46668749,3919,233
0x0C5FEA0D40F123D2f598C75ccc61A341415BF835,1192,234
0xcA16eDC52DCa65F36FB7F5A70c6FE7457Fb85a7E,463,235
0x1A1901DE5f029620C20b5Bd86c836218995e77dA,1981,236
0xc6FF41B166ac98A8FC8830EF13E5a727B6a89D97,888,237
0x834de51a0375154160e26E8da1bEc3058fD6577d,859,238
0x62E3739eac25AA84f25c80577304c544B4E2F900,1042,239
0x03EeB64624F7EdB60277AdDef0c6978b8811988B,1742,240
0x1b2267f4677160d1ae857c0cadE01de2aC921B83,2169,241
0x8e15Df9DBFA65b921055Eaf3ca35b8cB02F9d3a0,1186,242
0x81cDCee349Ec3EA3A88B7D107C3D461791b83Ef0,3538,243
0x15bC637d7515FFB0777e4b704C25ab4e46174D6B,2962,244
0xe026A1a7bE0C4395f48Fb6b3aFa1F23891f32d3d,3443,245
0x929bFc8f908537344509bBADA918EFe390118430,2291,246
0x64f9053835fdC88fc0bD3291ea8c8B52599BfF29,3754,247
0xF42B9608671E3170a2b39816e367af13Cf361Fd0,1891,248
0x024e1a9A0c363bB4A71214335661Ec42819ABCC6,2973,249
0xe07d6993CFC025C55dfA5B846585AF2252748F7E,155,250
0x728A7D9A535263E3DC1b7B572C2838f0296aaDA6,2877,251
0x8dc93d1827eBf586e201526E442b812AFda924f3,3946,252
0xddFc2fd364074F8af99867A947bDC91Adf350692,1954,253
0x7AB39Aa598601dEEb669250c3191B961739471A8,1894,254
0x369a947b53c6c82E747CEB2Ab387776dCF8B9C8A,1167,255
0x89ff6597490345f8AdDC0403748e278919A8Dd74,61,256
0x87cd7F959c0C02925A9eea17786427cb687F4095,3795,257
0x1b3ac83dd4691836bDdD1e702da9C9eC32b79864,1534,258
0xae8bC7cA028853f46a669e259Db7Ee88CA6AF1D3,4216,259
0xFE487fc72c90edC9E5239F0A147bf347436656A4,2270,260
0x44E0E71799AACE5a67d8cAfEC685B9DEC7Daf843,376,261
0xdC469B5D812F457c274D0c691Fb5ac94b97e0F4D,3858,262
0x1C7646928475f35B4645F4b1423b1b899b1A0716,1626,263
0x960aC91eeaccF0bEA8b09CC9b9f5c73cc48b53E9,3141,264
0x9987D2561FaFA147D26582bdB119a7fC0372E042,2511,265
0x1a345D4dE816d470C2843bB3F0E0C57d60A415C1,738,266
0xFDe716E2c94fE501FB8cD25963D428236E84EF80,24,267
0x7EF142215d86424E9F52B3ae9a83521A66FbA5d0,3152,268
0x14110A3E03fb624C44CCE66460574093397A7ea3,3674,269
0xA830C3207e3FD9bD2f247da93f6668832f9a534a,3466,270
0x1D4D4bB1A0897cAf96b1e5B1D8aF3e4d0B6fCafC,3353,271
0x34bE3799fdaf06DA23620e4d14479060fbCF2d3C,1834,272
0x8e834c530e680ccE1B44E04f3bF4ca8b90595e4c,831,273
0x7cE128518b542AaF14835246B2AF48D2e51B3A21,3891,274
0xcECC99e07dCDC88D6f3F86fa01C3CF8Eb4980183,2924,275
0x1B1d39E09Fb5258a9bFC2E49dFDB3e3DafA5a2dB,4521,276
0x314f1e14484C06bE432717288Af29018a3Ea6D50,932,277
0xC53A2be104a55c3E699A85742438B7Ab62559dF8,2984,278
0x1879DdA10B07eC738b641567Bc7fdb2decE6aDf4,1106,279
0x48669268529067677198Efdde620c61Afa058ece,2969,280
0x9A03c7611b4D600e219dA3111c949BDA61CE7b2f,675,281
0x96185adffDcb55D80d3D13B031ffdF944D1380B5,1930,282
0xD014D44fb558a1776CF40Bb04dC286802c8f009A,4463,283
0xE4AF3e41fF1a3e6E067F8F4D3B54CC8A5b742d0b,688,284
0xb293b9BD90E3dE2cAb3Bf2F126A979f742876Ff1,3697,285
0x2a973FebDB05b37F820f40A8721B7087B1D7BbEa,2255,286
0xCEe497B0E76f34a5fBf71C64e561481508AEa8B8,4411,287
0x9eD88a4668C42aFdD4f5dc0e1fb2CB0289cEBCB4,3023,288
0x702783da9d5db37E2f4115962763d461Ab123286,1784,289
0x72f68eeE5E75Bc5A7e178173B3DF3567FC55B5e2,4086,290
0xF71dC4ab4A75Fb93238A6FeE15b8D9b60E1c5146,3096,291
0x90c52308A3047c346900243ebD7435F2bbC816e8,118,292
0xbCcB63A7CEc44FC75e738F4b5cbefE8a1C6354a0,1377,293
0x580dc182B8aa2349090DD9e05011cE66dfaf452F,3826,294
0x1A5CBBF1eA4b0247746B12B9DE861A9feCbA471C,2729,295
0x7538B5D654bf16Ec00Af1915e2B95Ec2D0C34381,4074,296
0xb7Bf3A5462A541E3144C808Dc6CF520697f9f2b0,531,297
0x32ed404139F1eCa2Abcc34381D46f1A31AdEa87a,1134,298
0x8fC1F4883bF12c2d12E59C4e27f5d07476A4A47e,849,299
0x68ebdB5DcAfF57C284ff7f95b342cD6332C580af,1357,300
0x702387E51d4C21674D6306bd4e3B2F94A3d044d4,448,301
0x282f37bB99812891bE260A1F40aC8D56194F8f68,1197,302
0xf86BC4801e8f65103202342a113CF0F3966A1cbE,2654,303
0x496C1a326779233ec01AC46f648aC311BeD801ae,3003,304
0xE1356dB412c671e6A92bcE9A4c1555975158932e,2136,305
0x0ac6C63fe23562d8d0bA08964258d5fbE9bCf3b9,1501,306
0xDA4c10Cc0D57bD9e94095EF47b798256De94e761,395,307
0x8C6021F7791f8912005Ad8E68F9c288B0D1DB0F4,3467,308
0x99746725ac8907f7f09dA7402dfa4D5692922390,2155,309
0xED06b9CE23bfe1337BcFe1b6222e4041349d4431,3991,310
0x2C542618aB3ec9e9Aa28Fa43D34eeEc465fe6635,121,311
0x0b6bef65a558F5f0C70aC7A40E5040ccaA4cfb1f,3853,312
0xdAF50B011fb1eA50a8BF572f21305e9BB4567cfc,3833,313
0x4cD72F270Ed5C109549877F508C83737feCdb226,2666,314
0xCeFc9939b217FEC8Fb0e0878686c43EdD8282B83,1747,315
0x69e09CD28896aa7339bB65b2e06Ba0e6A6c2Bb48,233,316
0x6130E93F3d1Ddc7BF49D912B018F73eAE667a57f,900,317
0xC7Bfa1A0AE4D0Da6BCE6FdEda058fC345f00761a,952,318
0x35c50491C51E7a0ea904133c6776788A09689317,3377,319
0x5fA3022Ce3ab654da3b0EAA61991F5A73e4301Af,4302,320
0x4Ce56E93E9FAFac25A91c5f954a5F0cED7A1353F,3021,321
0xf6eFCeEcD05C8257ED2eeBaf9C8af3b9054aa0cA,1570,322
0x7E0E5629b41A7339104EFe8665C829922b538e0A,713,323
0x9d0c992F09B95B1232c1Eb5236E17d43633a8BbC,628,324
0x7074cBb30dA389C022B51C9fD17808E86aa2757e,2005,325
0x6bb8De6E937f9e32202e3D9CDB2cc3C6aa3dFDe0,3983,326
0x36579d58766E61aE3c5848B3674A1355c1E1Fc07,5557,327
0x1f0D74E17DD198c14940101f27C75567BCE3FeC2,4561,328
0xC7e583016Ad2197e5f34d482140B9F1dE9c16Aa4,4572,329
0x2A74d0CDcf6A2b1c3d99AE406AB6FE66cBAd7eFF,438,330
0x39357CAF590c160FD90e1C08fa1c16bEC6A81aB7,1286,331
0xefc6e2BD9C2A802357D239b58D4Cd72134EDCA28,3864,332
0x5f00B8d4160f2d43B9DDa128896AAd3839728145,188,333
0x152e9244a6798DE29e8dE950dE6B161Dd9567F04,420,334
0x8d7866a10672e6D6C84a2e0e2237D7Fae68D4448,1111,335
0x15E734f4d85e795B5958E0ABee2BD96F6B5027D4,4425,336
0x5f4b6e47CAa3F9a12954CBA4b6c0137368628e59,4351,337
0xEb1b24826637eA00d2D4bb2d8D1cD70BC2a6e988,5176,338
0xE991ab61a14C01d2b37D4db5aC803Ac1412290A2,80,339
0x0433d239A48D3b344db6d004c0c82c979B801dAc,3364,340
0x43B14E9b47418f93AdBd9e39af22827BD9F09b2E,5398,341
0x3Cac2A5B2968c4c80aCCEA4541e8e80fCbdFa3a4,2311,342
0xa4D88D1f48602f7D213f133EE4f5Df7F5494bb9c,5215,343
0x5dc3A5F8e94978f26b55E29BD71f551F55FfF4Ea,316,344
0x16a321121755ee55516c129d2C351E23603F7A39,5296,345
0xa08E8753b0F216E9e6771d9001F99C81e4342012,2136,346
0xEfFAe47648C0e89cFc306Cb96046a11eaaE3ECA6,868,347
0x571920d9E6a4B78EFe35bB3B731f2C21c14F7744,1551,348
0xC2003eBC7a4296900A61929136F30ACB83894E0e,2712,349
0x3A6c1Ca5b2e9a2e166E4A82ffAA3b85922e78d40,5557,350
0x78868d81c7cab62EfdE8Be6b3fD84bd1aA948466,3368,351
0x710AC58B0Fd7aB94bFF332202558786A2706ab73,5919,352
0x70Ac7077055aa96d8522D21D965B29a78a1b439b,3937,353
0x93d58F7E54b488D5174CeFb4C5Bb76A0200AeC85,1189,354
0xB3Dd4dFE56575f57453d1702B24AD79E416A650F,228,355
0x9264A789d731F56466460115151D85F307aB4634,2182,356
0x7A610003BA1D87dE736130cD3fF27B84dDBacA89,1581,357
0x838f06Fda555daDD034DA5C7ab2779f8Ae42B4C8,3105,358
0x9593Ec9B31B41e404f3F064136530f6F8FCF3BE4,624,359
0xc63fb95B32B0fe20B3C434058945dc0C64Cc4817,3641,360
0x9a6e4B332fDB391A183e8CfA1384B09201689fa3,3642,361
0x38fD6Aaa4768baa82741F6Fab693C1bBE7C85D43,3128,362
0x7Cb2CE37ff6A26DE87BE69767FCeFE29fd18aE44,4483,363
0xc0031252b2F1Bf4dC9Ec28eA42414e71FAe33BE7,5658,364
0x18d1F846a6F9dd75FdBA0D87F2530E65c8A38745,1254,365
0xA5b0d45852B93Ae1A4F07c754fa2Dc9Fac6a34d6,660,366
0x0fE496004253e063F54CF009d729B75d8b848c7d,5766,367
0x6060e2ae3e4f6ffbb8AF18862E388e7B8fcB1091,706,368
0x2a41C32549C1F59195eF229f19c8D153DB669FD9,4958,369
0x9e5d88cf248B0Da5E3ea79Cf55dc9Bd3Fa3AE6F4,5833,370
0xE512e139E44916eFF7954f3d95Ae277A2DFb6596,2108,371
0xE7fe02f6958565fA2F16EcC39C8a600C5864A5CD,4822,372
0x78652388183b7CcFe85b8A9291ee7457FfB30Bc2,1216,373
0x982448560B42E468b48b6A8f44be68585c4EE3D9,5547,374
0x6355294EDBfC942f0D107037584158Eb865B0d21,3754,375
0xF67Faf0f0A2D827Ef63825F12E80A79F68699c50,4764,376
0xb20A422D98b87E67DEc8cbF3c94715397D696B9B,5484,377
0xa3F59686dd215823E90F4E1eac7F4b1805cbe11e,4527,378
0xec9c81ab85f66550608922ef7CE5fe62fCF5CBd0,680,379
0x74CD5f7f53ea32B2B2a6F0b7736d31d7FabFB407,1539,380
0xe0d2ebEc3F2B85bb1A5A475AC0D26E5388E85953,5640,381
0xAf50E4439Bc96B0463f648E39B6FA8bb1Cbd1Cf5,3823,382
0x8d40DA4F080Dc5032c74860d961797d5be5c8F4C,2424,383
0xf49D7ddF63496c1339e780745CC0338436dE750D,129,384
0xe8cc4618eaF92553777C8C26bf372D6756aF485b,2756,385
0x28B8F9bE5Ac9617E80c05f06bE4879CfC5A2686B,2751,386
0x807D216adCF304227a1c3ca1332ce4015c5a64Ae,3436,387
0x228944C5DF65c822E6d971Df90A0E5E77935821e,2853,388
0x1F6FE4bDA5a9488f56FfC17F350386ab117c67A3,3824,389
0xf174331469da8f641c7b09404EE5f535eFa574d0,6084,390
0xb1AD6675f4cA9ef476aBeb27617Ba887Fa0E6D39,3072,391
0xB03050FD09b6819278d46775e50DE90546e203d5,2915,392
0x101b01B869380cE1561dBf76b0d99B65aE8519f8,6343,393
0x2052EFd1A5D90f1a4DBdDb3299ad416292F3B747,2410,394
0xFFe156956515603Ca978eF4eE70082D0D805d9E1,5489,395
0xcDBC1801C504939fe2DB809612A43e0510a468b7,5312,396
0x0b16De8e62FC914e340840B3F4a2FEE11CbD201D,6524,397
0x5b02d9a098D1b4401c69646F9C3D9E1B2eEC1dC9,1061,398
0x179cAC2b9c259F6c67e397DDeb66BdCf8D7787A7,5970,399
0xdc490Feff93802F1514e593618C49F92bbBc39c5,3918,400
0x7F99D2996e553C3Be6fB986fFC63ED986c27A8E7,635,401
0xEa5bF4D181d997BB3C148be3a25b84139A7cD56f,1852,402
0xC2ff4b948C613409eb48AcE8c466F87370171521,4349,403
0x5Fe3D7cEff768969724e083dEB89653B1865264D,5257,404
0x78D9A14685d9cFc1B5486AB4D1a587Acd7b27cB1,5407,405
0x88ed92582962C3e469F2FC3BF3F3E259D90D0501,3530,406
0xe127F5B1e00773cc93BC6D40249aCa86d12dAc98,6226,407
0x10d1768F90e0a40f82489Ca4b0460B9368912457,2636,408
0xFCDB35b9F3830B7fD06DF3De3d62978d787A201D,2416,409
0x7fe3956b90b78fE113aF1e87fA77e77d63273112,6160,410
0xF4Ee51eb82f248921b0dFE5ba00bdEb53d0e5cA2,6878,411
0xBb4c5e3FE3B4fb608bF3c529AA07e5404739cCDC,6957,412
0x9B4752F35C4c78f0BEb9d3f606208cd9B28b0cA8,2743,413
0x4Ad301AB52E0bbEd529A1F4BC9c46623Bed67166,1370,414
0x7358F107530250DF5EE35904090A13ee3fA80ABe,4926,415
0x3251F5A7dC04d24559E4D2872C015D9f821553b9,915,416
0x0E2D2AF69e15ef6807062DaB437a81432D7D85e9,485,417
0x03F8624E9365D1C75B721641521fF69082272231,90,418
0x8FF43F1Ecc5E275DC83Ee8f9D06334A0bb5F4be5,2568,419
0x15131438DDBA6e8444448A90ee18330900F440aD,1326,420
0x4fe42675d1223ea35A9A058e95e4149161F859fC,1797,421
0x4e1854685f72DD55Acbf001917395965DC0A7bac,6883,422
0x37Beed1A902BafC89651F1423fE5B1585bE079DB,7082,423
0x1cB48186fB90CE323D221758abb5Eea249d9E74A,4203,424
0x1B2dE8F68B2316347a4720C2FE7a3e089E669801,2415,425
0x275543539d973f58504449CF99669bB65B4f7fe7,5383,426
0x08A894E339932c883AC782Ca5Be3AAC56f2991ea,4674,427
0x2827c020396e951a6B23c092E2258CF97cFEFb1A,3099,428
0x386c2199fE018f6205289748B8aE5D3836a5931a,2966,429
0xc820E75DbF25c4c3d677A17E7CfF511887c417A9,2878,430
0xcad1067eb62401f570a51a45559e89928564720F,2976,431
0x45aE1F391B09F0b73f932eF2983CC3a13dE43565,1335,432
0xC6f2e5da3FEA545CAF8EC75C64E364e622C5f503,728,433
0xE6E35De9D6d76dAb9Be420EF020d300dc93AA945,5000,434
0x23F68BA9322f9C4629824F7E3DB7df391017267b,5333,435
0x054AC1c01e182d4D1562b5d1ae636610792763fB,334,436
0xd6Bdb3a2D8C535649Faf14F3a066deEEB4A861e3,5370,437
0xFC5Adce390022a02fF6a46d05B72c511eFe05D40,2300,438
0xcF64e8069FE05C17b2F9cbb48f6Ff29fb831afBd,1285,439
0xE31d2cEfce6BD6EeD74fD4F0E6e86Aee071D4629,6875,440
0x87d24db06728Dabce840D9560045fB0701a66C38,5531,441
0xC3542dF029cc045Fc16c97De9A56bc8B2E57218B,5287,442
0x90C652D3D7B075652fd1463AF6F60db0F805FA60,2191,443
0x4264492Ef057A413DA326DE7Bd59b0c57C41Cd4f,3696,444
0x94272e6220Fa196eb93BbF5d9F990ac9eD6ff57F,1518,445
0xBE7c2256c063939bd4B8499E619c944c2a74605b,5235,446
0x81D0ca1Ee0f8a230D596C9B3dF24d103cF4e797c,580,447
0xb1ea536f6971b3A90B35B3338254aa20B821A56c,2749,448
0xa1544c7AE01f79Fedae6D35b0838Ba2b40197808,3829,449
0xF12aEDC2b35e371893d0a8C0d453f056632Aed3D,1945,450
0xf71C28840E144466BF6Af57FE6fD95AE4456F6a1,521,451
0x4178170dcD48165B331C4273f143e777A66A3f54,860,452
0xAe5Ed8E2B14C3e7873Fd2DB005B274d567B3b2e0,5618,453
0x7af5cb3d0a8EC83DEc27c28D3402E4966f8b6Fb7,1041,454
0x85309d733D86C98FEC4661470B8bC39bb6bae57e,1165,455
0x809d9C1b65eC39eD2dc4717eCdBf637e5FBb9013,2320,456
0xfdB5E88F9AAb5d20e2FA350B5653C80Cd4e4CCCd,861,457
0xf9B47791dF185Fb9E01787bB07C0f7e8Bd5E7698,4142,458
0x30fa84F6D33Ed9C321A228d1D7B575705484E538,6081,459
0xa39BdFb0b0B4710B3E177D95b1a4902b50a6E6fb,3811,460
0xA9655a2F440a2b0be018235253f6Fc957B5D1617,6907,461
0xF68d9Cf4D95bd31Ca7be9126b901d7608F248068,573,462
0xb79b484722c2e71f88618AD1A3B4BD2D9dAe26E2,6676,463
0xCE800109c80E25C4Aa4420a5CB515B81F9c73486,1022,464
0xB0A7FD7585f9b42D8Af21697597983c64F197A97,3538,465
0xCF7fA91215462A884A5916577f220CD9E9d66B06,1646,466
0xB71a4272d5672F21b84f43aEcAd6a632Adc051Fd,5845,467
0xeA0C5BC11fd39662194d322798319017E7AFCa7f,1783,468
0x4F35ab983b79CC43Ca665B49c24E8D9a7b5747Bc,4266,469
0x612b4523EB5Cc45a0Bd8AEf18CaA5c4255f3F9f6,2657,470
0xd23D5C65E4B32025Ad329aEdE2aABEfa89F5AbC1,7065,471
0xCDC9F4f8c145289c26B0f97c3E13f22F91f942C5,6450,472
0xc7063f129150725666946F437797c143864E17F7,5261,473
0xd65FDbdCC87788D357506f7463f4af80d904481E,7552,474
0x8fb4A5a40cCef7157EfaDFECDf3049337Fc7824a,5671,475
0x9E40Df6eD9cA41d52CDe80201A65Ef2e4CB54585,4991,476
0x98FE1FCF31DC7C37EE9925905c32362E791AA373,7915,477
0x3ff2347f73b9d844e79A0f22966a0CB9baC9482b,3344,478
0xd9C81c3634A01708adaB7F51b369d73aa426914f,1847,479
0x97951b349872eCaE3065be03d812e32D215e7DdE,2701,480
0x76713Cc4207286465C8da704c390Bf0359718B34,6656,481
0x79A39a57205A6b524A157Cf9c8A39AA82487cc5D,7366,482
0x52Aab30E06072296D3B94A4989871D8028EbB159,4489,483
0xf1f830aefCe4a4cF67A2d8f090f695FdDF82D6F7,3775,484
0x54BAa5A69D916c7b6179a75C96C41F6BB5bbDc87,881,485
0xDaC2Affa53c25B6C65761321636d46b2984F5632,2490,486
0x1541be04974c4303914Ba683904CB094409B2Be3,7857,487
0xD12FF5F5079411E0673844aD9F436904e78835b2,971,488
0xE3161b74270f4D79521d615dC9D44DE3ddBf37e0,186,489
0xd8f409B6A86b5dbe520a668C5F9375119B83dc7c,6454,490
0x00E1253cb05AFdb667Bfce2c0A0b13ec91cAe573,319,491
0xae9e93dB74BA99860C98147F2C51C01cd3D19337,648,492
0xaa927037638c93b17C1D4C7afdC0F5A530CDb9d6,7939,493
0x15a03859F3675Edc7DEFF28c61EaDBE5dE5163DB,1205,494
0x7358eeCC9d5648eabDF81CECeb1fe379c96C9d39,5924,495
0x3463b7eDa0464aD85F0C2D1dE6ac7FEd5796fD52,3986,496
0x2a99589A2094FC5F8E2F05AEf2330B717F14E22e,5486,497
0x15797FD6Ad3c73d4f89Ad3A8C51cf91Ab878e3E6,4263,498
0xD20932C32B850311338f2AcF4493b759526fE10E,4021,499
0x2AB03CA2FaF17FaC3e96Cb2187D7A91Df84A3d6a,5800,500
